1.75951E+12,1051,Home Page Request,403,Forbidden,Thread Group 1-1,text,FALSE,"The operation lasted too long: It took 1,051 milliseconds, but should not have lasted longer than 1,000 milliseconds.",8512,115,10,10,https://demo.opencart.com/,1038,0,716
1.75951E+12,804,Home Page Request,403,Forbidden,Thread Group 1-2,text,FALSE,,8512,115,10,10,https://demo.opencart.com/,793,0,520
1.75951E+12,923,Home Page Request,403,Forbidden,Thread Group 1-3,text,FALSE,,8491,115,10,10,https://demo.opencart.com/,906,0,586
1.75951E+12,937,Home Page Request,403,Forbidden,Thread Group 1-6,text,FALSE,,8491,115,10,10,https://demo.opencart.com/,917,0,603
1.75951E+12,803,Product Page Request,403,Forbidden,Thread Group 1-1,text,FALSE,"The result was the wrong size: It was 9,077 bytes, but should have been less than or equal to 385 bytes.",9077,160,10,10,https://demo.opencart.com/index.php?route=product/product&product_id=43,789,0,508
1.75951E+12,810,Product Page Request,403,Forbidden,Thread Group 1-2,text,FALSE,"The result was the wrong size: It was 9,098 bytes, but should have been less than or equal to 385 bytes.",9098,160,10,10,https://demo.opencart.com/index.php?route=product/product&product_id=43,809,0,523
1.75951E+12,832,Home Page Request,403,Forbidden,Thread Group 1-7,text,FALSE,,8512,115,10,10,https://demo.opencart.com/,831,0,535
1.75951E+12,900,Home Page Request,403,Forbidden,Thread Group 1-9,text,FALSE,,8491,115,10,10,https://demo.opencart.com/,899,0,588
1.75951E+12,888,Product Page Request,403,Forbidden,Thread Group 1-3,text,FALSE,"The result was the wrong size: It was 9,098 bytes, but should have been less than or equal to 385 bytes.",9098,160,10,10,https://demo.opencart.com/index.php?route=product/product&product_id=43,878,0,575
1.75951E+12,891,Product Page Request,403,Forbidden,Thread Group 1-6,text,FALSE,"The result was the wrong size: It was 9,098 bytes, but should have been less than or equal to 385 bytes.",9098,160,10,10,https://demo.opencart.com/index.php?route=product/product&product_id=43,881,0,568
1.75951E+12,791,Home Page Request,403,Forbidden,Thread Group 1-5,text,FALSE,,8512,115,10,10,https://demo.opencart.com/,785,0,514
1.75951E+12,782,Home Page Request,403,Forbidden,Thread Group 1-4,text,FALSE,,8512,115,10,10,https://demo.opencart.com/,780,0,506
1.75951E+12,772,Product Page Request,403,Forbidden,Thread Group 1-7,text,FALSE,"The result was the wrong size: It was 9,120 bytes, but should have been less than or equal to 385 bytes.",9120,160,10,10,https://demo.opencart.com/index.php?route=product/product&product_id=43,768,0,498
1.75951E+12,816,Home Page Request,403,Forbidden,Thread Group 1-8,text,FALSE,,8512,115,10,10,https://demo.opencart.com/,812,0,531
1.75951E+12,847,Product Page Request,403,Forbidden,Thread Group 1-9,text,FALSE,"The result was the wrong size: It was 9,120 bytes, but should have been less than or equal to 385 bytes.",9120,160,10,10,https://demo.opencart.com/index.php?route=product/product&product_id=43,831,0,538
1.75951E+12,931,Product Page Request,403,Forbidden,Thread Group 1-4,text,FALSE,"The result was the wrong size: It was 9,098 bytes, but should have been less than or equal to 385 bytes.",9098,160,10,10,https://demo.opencart.com/index.php?route=product/product&product_id=43,929,0,608
1.75951E+12,954,Product Page Request,403,Forbidden,Thread Group 1-5,text,FALSE,"The result was the wrong size: It was 9,120 bytes, but should have been less than or equal to 385 bytes.",9120,160,10,10,https://demo.opencart.com/index.php?route=product/product&product_id=43,933,0,608
1.75951E+12,957,Product Page Request,403,Forbidden,Thread Group 1-8,text,FALSE,"The result was the wrong size: It was 9,077 bytes, but should have been less than or equal to 385 bytes.",9077,160,10,10,https://demo.opencart.com/index.php?route=product/product&product_id=43,956,0,604
1.75951E+12,919,Home Page Request,403,Forbidden,Thread Group 1-10,text,FALSE,,8491,115,10,10,https://demo.opencart.com/,914,0,595
1.75951E+12,800,Product Page Request,403,Forbidden,Thread Group 1-10,text,FALSE,"The result was the wrong size: It was 9,120 bytes, but should have been less than or equal to 385 bytes.",9120,160,10,10,https://demo.opencart.com/index.php?route=product/product&product_id=43,799,0,514
1.75951E+12,911,Cart Page Request,403,Forbidden,Thread Group 1-1,text,FALSE,Test failed: code expected to contain /200/,9066,148,10,10,https://demo.opencart.com/%20/index.php?route=checkout/cart,910,0,577
1.75951E+12,938,Cart Page Request,403,Forbidden,Thread Group 1-2,text,FALSE,Test failed: code expected to contain /200/,9044,148,9,9,https://demo.opencart.com/%20/index.php?route=checkout/cart,912,0,595
1.75951E+12,929,Cart Page Request,403,Forbidden,Thread Group 1-6,text,FALSE,Test failed: code expected to contain /200/,9023,148,8,8,https://demo.opencart.com/%20/index.php?route=checkout/cart,926,0,608
1.75951E+12,946,Cart Page Request,403,Forbidden,Thread Group 1-3,text,FALSE,Test failed: code expected to contain /200/,9044,148,7,7,https://demo.opencart.com/%20/index.php?route=checkout/cart,935,0,615
1.75951E+12,863,Cart Page Request,403,Forbidden,Thread Group 1-7,text,FALSE,Test failed: code expected to contain /200/,9044,148,6,6,https://demo.opencart.com/%20/index.php?route=checkout/cart,854,0,548
1.75951E+12,824,Cart Page Request,403,Forbidden,Thread Group 1-9,text,FALSE,Test failed: code expected to contain /200/,9044,148,5,5,https://demo.opencart.com/%20/index.php?route=checkout/cart,821,0,513
1.75951E+12,808,Cart Page Request,403,Forbidden,Thread Group 1-4,text,FALSE,Test failed: code expected to contain /200/,9044,148,4,4,https://demo.opencart.com/%20/index.php?route=checkout/cart,806,0,524
1.75951E+12,829,Cart Page Request,403,Forbidden,Thread Group 1-5,text,FALSE,Test failed: code expected to contain /200/,9066,148,3,3,https://demo.opencart.com/%20/index.php?route=checkout/cart,825,0,538
1.75951E+12,799,Cart Page Request,403,Forbidden,Thread Group 1-8,text,FALSE,Test failed: code expected to contain /200/,9044,148,2,2,https://demo.opencart.com/%20/index.php?route=checkout/cart,799,0,511
1.75951E+12,956,Cart Page Request,403,Forbidden,Thread Group 1-10,text,FALSE,Test failed: code expected to contain /200/,9044,148,1,1,https://demo.opencart.com/%20/index.php?route=checkout/cart,955,0,630
1759517599734,1303,Home Page Request,200,OK,Thread Group 1-1,text,true,,5376,124,5,5,https://the-internet.herokuapp.com/,1302,0,1015
1759517600445,1179,Home Page Request,200,OK,Thread Group 1-3,text,true,,5376,124,5,5,https://the-internet.herokuapp.com/,1177,0,885
1759517600802,1173,Home Page Request,200,OK,Thread Group 1-2,text,true,,5372,124,5,5,https://the-internet.herokuapp.com/,1173,0,871
1759517602482,1113,Home Page Request,200,OK,Thread Group 1-4,text,true,,5376,124,5,5,https://the-internet.herokuapp.com/,1113,0,836
1759517602924,1145,Home Page Request,200,OK,Thread Group 1-5,text,true,,5388,124,5,5,https://the-internet.herokuapp.com/,1145,0,841
1759517605345,324,Login Page Request,200,OK,Thread Group 1-1,text,true,,3680,129,5,5,https://the-internet.herokuapp.com/login,324,0,0
1759517605814,294,Login Page Request,200,OK,Thread Group 1-3,text,true,,3680,129,5,5,https://the-internet.herokuapp.com/login,294,0,0
1759517606440,303,Login Page Request,200,OK,Thread Group 1-2,text,true,,3680,129,5,5,https://the-internet.herokuapp.com/login,303,0,0
1759517607685,302,Login Page Request,200,OK,Thread Group 1-4,text,true,,3676,129,5,5,https://the-internet.herokuapp.com/login,302,0,0
1759517608424,295,Login Page Request,200,OK,Thread Group 1-5,text,true,,3676,129,5,5,https://the-internet.herokuapp.com/login,295,0,0
1759517611205,303,Input Page Request,200,OK,Thread Group 1-2,text,true,,3029,130,5,5,https://the-internet.herokuapp.com/inputs,303,0,0
1759517611276,293,Input Page Request,200,OK,Thread Group 1-1,text,true,,3029,130,5,5,https://the-internet.herokuapp.com/inputs,293,0,0
1759517612039,309,Input Page Request,200,OK,Thread Group 1-3,text,true,,3017,130,5,5,https://the-internet.herokuapp.com/inputs,309,0,0
1759517612997,311,Input Page Request,200,OK,Thread Group 1-5,text,true,,3025,130,5,5,https://the-internet.herokuapp.com/inputs,311,0,0
1759517613864,284,Input Page Request,200,OK,Thread Group 1-4,text,true,,3021,130,5,5,https://the-internet.herokuapp.com/inputs,284,0,0
1759517615118,294,Home Page Request,200,OK,Thread Group 1-2,text,true,,5384,124,5,5,https://the-internet.herokuapp.com/,294,0,0
1759517615592,300,Home Page Request,200,OK,Thread Group 1-1,text,true,,5376,124,5,5,https://the-internet.herokuapp.com/,300,0,0
1759517617597,313,Home Page Request,200,OK,Thread Group 1-3,text,true,,5376,124,5,5,https://the-internet.herokuapp.com/,313,0,0
1759517618353,425,Home Page Request,200,OK,Thread Group 1-5,text,true,,5376,124,5,5,https://the-internet.herokuapp.com/,425,0,0
1759517618825,271,Home Page Request,200,OK,Thread Group 1-4,text,true,,5376,124,5,5,https://the-internet.herokuapp.com/,271,0,0
1759517619674,296,Login Page Request,200,OK,Thread Group 1-1,text,true,,3680,129,5,5,https://the-internet.herokuapp.com/login,296,0,0
1759517619878,290,Login Page Request,200,OK,Thread Group 1-2,text,true,,3680,129,5,5,https://the-internet.herokuapp.com/login,290,0,0
1759517621589,299,Login Page Request,200,OK,Thread Group 1-3,text,true,,3688,129,5,5,https://the-internet.herokuapp.com/login,299,0,0
1759517622140,293,Login Page Request,200,OK,Thread Group 1-5,text,true,,3688,129,5,5,https://the-internet.herokuapp.com/login,293,0,0
1759517624873,300,Login Page Request,200,OK,Thread Group 1-4,text,true,,3692,129,5,5,https://the-internet.herokuapp.com/login,300,0,0
1759517625344,323,Input Page Request,200,OK,Thread Group 1-2,text,true,,3033,130,5,5,https://the-internet.herokuapp.com/inputs,323,0,0
1759517625892,336,Input Page Request,200,OK,Thread Group 1-1,text,true,,3025,130,4,4,https://the-internet.herokuapp.com/inputs,336,0,0
1759517626945,339,Input Page Request,200,OK,Thread Group 1-3,text,true,,3017,130,3,3,https://the-internet.herokuapp.com/inputs,339,0,0
1759517627228,293,Input Page Request,200,OK,Thread Group 1-5,text,true,,3017,130,2,2,https://the-internet.herokuapp.com/inputs,293,0,0
1759517629602,299,Input Page Request,200,OK,Thread Group 1-4,text,true,,3021,130,1,1,https://the-internet.herokuapp.com/inputs,299,0,0
